<?xml version="1.0" encoding="UTF-8"?>
<definitions xmlns="http://www.omg.org/spec/BPMN/20100524/MODEL" xmlns:xsi="http://www.w3.org/2001/XMLSchema-instance" xmlns:activiti="http://activiti.org/bpmn" xmlns:bpmndi="http://www.omg.org/spec/BPMN/20100524/DI" xmlns:omgdc="http://www.omg.org/spec/DD/20100524/DC" xmlns:omgdi="http://www.omg.org/spec/DD/20100524/DI" typeLanguage="http://www.w3.org/2001/XMLSchema" expressionLanguage="http://www.w3.org/1999/XPath" targetNamespace="http://www.activiti.org/test">
  <process id="caseInfo" name="案件信息">
    <startEvent id="caseStart" name="立案" activiti:initiator="owner"></startEvent>
    <userTask id="departmentLeaderHandle" name="承办部门处理" activiti:candidateUsers="${userService.getCandidateUsersByRoles(&quot;检查支队领导&quot;)}"></userTask>
    <exclusiveGateway id="exclusivegateway2" name="Exclusive Gateway"></exclusiveGateway>
    <userTask id="usertask1" name="主管部门处理" activiti:candidateUsers="${userService.getCandidateUsersByRoles(&quot;局领导&quot;)}"></userTask>
    <exclusiveGateway id="exclusivegateway3" name="Exclusive Gateway"></exclusiveGateway>
    <userTask id="usertask2" name="行政处罚" activiti:candidateUsers="${userService.getCandidateUsersByRoles(&quot;执法者&quot;)}"></userTask>
    <userTask id="usertask3" name="销案" activiti:candidateUsers="${userService.getCandidateUsersByRoles(&quot;执法者&quot;)}"></userTask>
    <userTask id="usertask4" name="案件归档" activiti:candidateUsers="${userService.getCandidateUsersByRoles(&quot;办公室&quot;)}"></userTask>
    <endEvent id="endevent1" name="End"></endEvent>
    <sequenceFlow id="flow1" name="提交至承办部门" sourceRef="caseStart" targetRef="departmentLeaderHandle"></sequenceFlow>
    <sequenceFlow id="flow2" name="承办部门处理" sourceRef="departmentLeaderHandle" targetRef="exclusivegateway2"></sequenceFlow>
    <sequenceFlow id="flow3" name="提交至主管部门" sourceRef="exclusivegateway2" targetRef="usertask1">
      <conditionExpression xsi:type="tFormalExpression"><![CDATA[${decision == 'agree'}]]></conditionExpression>
    </sequenceFlow>
    <sequenceFlow id="flow4" name="" sourceRef="usertask1" targetRef="exclusivegateway3"></sequenceFlow>
    <sequenceFlow id="flow5" name="提交至行政处罚" sourceRef="exclusivegateway3" targetRef="usertask2">
      <conditionExpression xsi:type="tFormalExpression"><![CDATA[${decision == 'agree'}]]></conditionExpression>
    </sequenceFlow>
    <sequenceFlow id="flow6" name="提交销案" sourceRef="exclusivegateway3" targetRef="usertask3">
      <conditionExpression xsi:type="tFormalExpression"><![CDATA[${decision == 'disagree'}]]></conditionExpression>
    </sequenceFlow>
    <sequenceFlow id="flow7" name="提交销案" sourceRef="usertask2" targetRef="usertask3">
      <conditionExpression xsi:type="tFormalExpression"><![CDATA[${decision == 'agree'}]]></conditionExpression>
    </sequenceFlow>
    <sequenceFlow id="flow8" name="提交销案" sourceRef="exclusivegateway2" targetRef="usertask3">
      <conditionExpression xsi:type="tFormalExpression"><![CDATA[${decision == 'disagree'}]]></conditionExpression>
    </sequenceFlow>
    <sequenceFlow id="flow9" name="提交归档" sourceRef="usertask3" targetRef="usertask4"></sequenceFlow>
    <sequenceFlow id="flow10" name="案件结束" sourceRef="usertask4" targetRef="endevent1"></sequenceFlow>
  </process>
  <bpmndi:BPMNDiagram id="BPMNDiagram_caseInfo">
    <bpmndi:BPMNPlane bpmnElement="caseInfo" id="BPMNPlane_caseInfo">
      <bpmndi:BPMNShape bpmnElement="caseStart" id="BPMNShape_caseStart">
        <omgdc:Bounds height="35" width="35" x="90" y="90"></omgdc:Bounds>
      </bpmndi:BPMNShape>
      <bpmndi:BPMNShape bpmnElement="departmentLeaderHandle" id="BPMNShape_departmentLeaderHandle">
        <omgdc:Bounds height="55" width="105" x="55" y="190"></omgdc:Bounds>
      </bpmndi:BPMNShape>
      <bpmndi:BPMNShape bpmnElement="exclusivegateway2" id="BPMNShape_exclusivegateway2">
        <omgdc:Bounds height="40" width="40" x="279" y="87"></omgdc:Bounds>
      </bpmndi:BPMNShape>
      <bpmndi:BPMNShape bpmnElement="usertask1" id="BPMNShape_usertask1">
        <omgdc:Bounds height="55" width="105" x="247" y="190"></omgdc:Bounds>
      </bpmndi:BPMNShape>
      <bpmndi:BPMNShape bpmnElement="exclusivegateway3" id="BPMNShape_exclusivegateway3">
        <omgdc:Bounds height="40" width="40" x="279" y="290"></omgdc:Bounds>
      </bpmndi:BPMNShape>
      <bpmndi:BPMNShape bpmnElement="usertask2" id="BPMNShape_usertask2">
        <omgdc:Bounds height="55" width="105" x="247" y="378"></omgdc:Bounds>
      </bpmndi:BPMNShape>
      <bpmndi:BPMNShape bpmnElement="usertask3" id="BPMNShape_usertask3">
        <omgdc:Bounds height="55" width="105" x="380" y="80"></omgdc:Bounds>
      </bpmndi:BPMNShape>
      <bpmndi:BPMNShape bpmnElement="usertask4" id="BPMNShape_usertask4">
        <omgdc:Bounds height="55" width="105" x="539" y="190"></omgdc:Bounds>
      </bpmndi:BPMNShape>
      <bpmndi:BPMNShape bpmnElement="endevent1" id="BPMNShape_endevent1">
        <omgdc:Bounds height="35" width="35" x="654" y="90"></omgdc:Bounds>
      </bpmndi:BPMNShape>
      <bpmndi:BPMNEdge bpmnElement="flow1" id="BPMNEdge_flow1">
        <omgdi:waypoint x="107" y="125"></omgdi:waypoint>
        <omgdi:waypoint x="107" y="190"></omgdi:waypoint>
        <bpmndi:BPMNLabel>
          <omgdc:Bounds height="14" width="100" x="-37" y="-7"></omgdc:Bounds>
        </bpmndi:BPMNLabel>
      </bpmndi:BPMNEdge>
      <bpmndi:BPMNEdge bpmnElement="flow2" id="BPMNEdge_flow2">
        <omgdi:waypoint x="160" y="217"></omgdi:waypoint>
        <omgdi:waypoint x="223" y="217"></omgdi:waypoint>
        <omgdi:waypoint x="223" y="107"></omgdi:waypoint>
        <omgdi:waypoint x="279" y="107"></omgdi:waypoint>
        <bpmndi:BPMNLabel>
          <omgdc:Bounds height="14" width="100" x="-54" y="-16"></omgdc:Bounds>
        </bpmndi:BPMNLabel>
      </bpmndi:BPMNEdge>
      <bpmndi:BPMNEdge bpmnElement="flow3" id="BPMNEdge_flow3">
        <omgdi:waypoint x="299" y="127"></omgdi:waypoint>
        <omgdi:waypoint x="299" y="190"></omgdi:waypoint>
        <bpmndi:BPMNLabel>
          <omgdc:Bounds height="14" width="100" x="-39" y="-8"></omgdc:Bounds>
        </bpmndi:BPMNLabel>
      </bpmndi:BPMNEdge>
      <bpmndi:BPMNEdge bpmnElement="flow4" id="BPMNEdge_flow4">
        <omgdi:waypoint x="299" y="245"></omgdi:waypoint>
        <omgdi:waypoint x="299" y="290"></omgdi:waypoint>
      </bpmndi:BPMNEdge>
      <bpmndi:BPMNEdge bpmnElement="flow5" id="BPMNEdge_flow5">
        <omgdi:waypoint x="299" y="330"></omgdi:waypoint>
        <omgdi:waypoint x="299" y="378"></omgdi:waypoint>
        <bpmndi:BPMNLabel>
          <omgdc:Bounds height="14" width="100" x="-39" y="-13"></omgdc:Bounds>
        </bpmndi:BPMNLabel>
      </bpmndi:BPMNEdge>
      <bpmndi:BPMNEdge bpmnElement="flow6" id="BPMNEdge_flow6">
        <omgdi:waypoint x="319" y="310"></omgdi:waypoint>
        <omgdi:waypoint x="432" y="310"></omgdi:waypoint>
        <omgdi:waypoint x="432" y="135"></omgdi:waypoint>
        <bpmndi:BPMNLabel>
          <omgdc:Bounds height="14" width="100" x="-22" y="-79"></omgdc:Bounds>
        </bpmndi:BPMNLabel>
      </bpmndi:BPMNEdge>
      <bpmndi:BPMNEdge bpmnElement="flow7" id="BPMNEdge_flow7">
        <omgdi:waypoint x="352" y="405"></omgdi:waypoint>
        <omgdi:waypoint x="432" y="405"></omgdi:waypoint>
        <omgdi:waypoint x="432" y="135"></omgdi:waypoint>
        <bpmndi:BPMNLabel>
          <omgdc:Bounds height="14" width="100" x="8" y="31"></omgdc:Bounds>
        </bpmndi:BPMNLabel>
      </bpmndi:BPMNEdge>
      <bpmndi:BPMNEdge bpmnElement="flow8" id="BPMNEdge_flow8">
        <omgdi:waypoint x="319" y="107"></omgdi:waypoint>
        <omgdi:waypoint x="380" y="107"></omgdi:waypoint>
        <bpmndi:BPMNLabel>
          <omgdc:Bounds height="14" width="100" x="-29" y="-20"></omgdc:Bounds>
        </bpmndi:BPMNLabel>
      </bpmndi:BPMNEdge>
      <bpmndi:BPMNEdge bpmnElement="flow9" id="BPMNEdge_flow9">
        <omgdi:waypoint x="485" y="107"></omgdi:waypoint>
        <omgdi:waypoint x="510" y="107"></omgdi:waypoint>
        <omgdi:waypoint x="510" y="216"></omgdi:waypoint>
        <omgdi:waypoint x="539" y="217"></omgdi:waypoint>
        <bpmndi:BPMNLabel>
          <omgdc:Bounds height="14" width="100" x="-26" y="-13"></omgdc:Bounds>
        </bpmndi:BPMNLabel>
      </bpmndi:BPMNEdge>
      <bpmndi:BPMNEdge bpmnElement="flow10" id="BPMNEdge_flow10">
        <omgdi:waypoint x="644" y="217"></omgdi:waypoint>
        <omgdi:waypoint x="671" y="216"></omgdi:waypoint>
        <omgdi:waypoint x="671" y="125"></omgdi:waypoint>
        <bpmndi:BPMNLabel>
          <omgdc:Bounds height="14" width="100" x="-17" y="-34"></omgdc:Bounds>
        </bpmndi:BPMNLabel>
      </bpmndi:BPMNEdge>
    </bpmndi:BPMNPlane>
  </bpmndi:BPMNDiagram>
</definitions>